name,START_MJD,STOP_MJD
B1855+09,53358.727471718186,59051.16494936886
B1937+21,53267.08600495344,59065.129048874434
B1953+29,54998.2842435241,59065.19785786703
J0023+0923,55758.34561311618,59051.41196360545
J0030+0451,53394.85541087271,59067.3711608204
J0340+4130,55972.08002021373,58942.930492214386
J0406+3039,57755.05345376419,59056.51472240848
J0437-4715,57221.647923436576,58957.92662657264
J0509+0856,57755.0918657225,59056.55325933735
J0557+1551,57389.17646355454,59056.57216367752
J0605+3757,57713.28868713833,58943.016110828
J0610-2100,57713.31360036077,58942.915528848185
J0613-0200,53448.79368107384,58942.95095328257
J0636+5128,56640.373084731495,58939.94915540571
J0645+5158,55704.0433895162,58939.958252308694
J0709+0458,57389.2116850149,59056.627882339526
J0740+6620,56640.3864529552,58945.457638119784
J0931-1902,56351.05630029705,58942.971080252166
J1012+5307,53267.35935333906,58939.97323081261
J1012-4235,57714.50672762163,58943.05591592842
J1022+1001,57028.297723515454,59055.74299119377
J1024-0719,55118.587652829825,58942.02382815066
J1125+7819,56640.398877343854,58939.928648899164
J1312+0051,57389.43825240674,59055.891218727
J1453+1902,56497.971633020454,59056.000358024496
J1455-3330,53217.008946369795,58940.27574764302
J1600-3053,54400.66020151396,58956.461801516976
J1614-2230,54724.87388936066,58940.29447553046
J1630+3734,57681.82753207687,58945.47580747162
J1640+2224,53420.417861046735,59070.96776205574
J1643-1224,53217.099117633305,58956.49899058999
J1705-1903,57579.178496607215,58939.38157664746
J1713+0747,53393.5613838799,59071.00468892412
J1719-1438,57682.85276199087,58940.40089521394
J1730-2304,57682.87992450155,58940.41344610542
J1738+0333,55135.79865640795,59056.0737023893
J1741+1351,55042.042818715185,59065.029949295866
J1744-1134,53216.126692724254,58940.43190038376
J1745+1017,57390.60229951554,59051.099265906785
J1747-4036,55976.550690518234,58942.49481801075
J1751-2857,57682.8999829034,58944.50190565056
J1802-2124,57682.91642542672,58945.54036190021
J1811-2405,57682.94072800933,58945.556088111574
J1832-0836,56354.49590542243,58945.59690181875
J1843-1113,57682.96079448534,58945.576347999464
J1853+1303,55731.193718605355,59051.13340739133
J1903+0327,55135.8778274424,59056.14278923304
J1909-3744,53292.01653199197,58950.60796214824
J1910+1256,54882.60231873264,59056.10933313861
J1911+1347,56498.16005306074,59051.197437296796
J1918-0642,53292.06202164489,58945.617010875714
J1923+2515,55791.095181965386,59065.10677533419
J1944+0907,54505.59710249866,59056.1759322159
J1946+3417,56970.87248873487,59065.16256394136
J2010-1323,55094.89072873674,58942.534785268996
J2017+0603,55989.62046299963,59030.30186139235
J2033+1734,56510.19856924719,59056.21055282069
J2043+1711,55760.26158686446,59066.20047034181
J2124-3358,57681.060877713695,58945.657540880544
J2145-0750,53267.183254166666,58942.554852710644
J2214+3000,55989.64882777388,59065.273430259884
J2229+2643,56498.2419254135,59065.305246134274
J2234+0611,56668.80531897764,59056.27849043333
J2234+0944,56458.38346315032,59051.32770829247
J2302+4442,55972.061807064296,58942.86826896423
J2317+1439,53355.88800509415,59070.32654214331
J2322+2057,57075.7653368153,59065.34478474881
